<?xml version="1.0" encoding="UTF-8"?>
<project-private xmlns="http://www.netbeans.org/ns/project-private/1">
    <editor-bookmarks xmlns="http://www.netbeans.org/ns/editor-bookmarks/2" lastBookmarkId="0"/>
    <open-files xmlns="http://www.netbeans.org/ns/projectui-open-files/2">
        <group>
            <file>file:/D:/Adv.%20java/customercare/src/customercare/MainPage.java</file>
            <file>file:/D:/Adv.%20java/customercare/src/customercare/CustomerRegist.java</file>
            <file>file:/D:/Adv.%20java/customercare/src/customercare/AdminForm.java</file>
            <file>file:/D:/Adv.%20java/customercare/src/customercare/Output.java</file>
            <file>file:/D:/Adv.%20java/customercare/src/customercare/UserData.java</file>
            <file>file:/D:/Adv.%20java/customercare/src/customercare/Customercare.java</file>
            <file>file:/D:/Adv.%20java/customercare/src/customercare/ComplaintForm.java</file>
        </group>
    </open-files>
</project-private>
